{
    "adult": false,
    "backdrop_path": "/rSPw7tgCH9c6NqICZef4kZjFOQ5.jpg",
    "belongs_to_collection": {
        "id": 230,
        "name": "The Godfather Collection",
        "poster_path": "/zqV8MGXfpLZiFVObLxpAI7wWonJ.jpg",
        "backdrop_path": "/mDMCET9Ens5ANvZAWRpluBsMAtS.jpg"
    },
    "budget": 6000000,
    "genres": [
        {
            "id": 18,
            "name": "Drama"
        },
        {
            "id": 80,
            "name": "Crime"
        }
    ],
    "homepage": "http://www.thegodfather.com/",
    "id": 238,
    "imdb_id": "tt0068646",
    "origin_country": [
        "US"
    ],
    "original_language": "en",
    "original_title": "The Godfather",
    "overview": "Spanning the years 1945 to 1955, a chronicle of the fictional Italian-American Corleone crime family. When organized crime family patriarch, Vito Corleone barely survives an attempt on his life, his youngest son, Michael steps in to take care of the would-be killers, launching a campaign of bloody revenge.",
    "popularity": 185.155,
    "poster_path": "/3bhkrj58Vtu7enYsRolD1fZdja1.jpg",
    "production_companies": [
        {
            "id": 4,
            "logo_path": "/gz66EfNoYPqHTYI4q9UEN4CbHRc.png",
            "name": "Paramount Pictures",
            "origin_country": "US"
        },
        {
            "id": 10211,
            "logo_path": null,
            "name": "Alfran Productions",
            "origin_country": "US"
        }
    ],
    "production_countries": [
        {
            "iso_3166_1": "US",
            "name": "United States of America"
        }
    ],
    "release_date": "1972-03-14",
    "revenue": 245066411,
    "runtime": 175,
    "spoken_languages": [
        {
            "english_name": "English",
            "iso_639_1": "en",
            "name": "English"
        },
        {
            "english_name": "Italian",
            "iso_639_1": "it",
            "name": "Italiano"
        },
        {
            "english_name": "Latin",
            "iso_639_1": "la",
            "name": "Latin"
        }
    ],
    "status": "Released",
    "tagline": "An offer you can't refuse.",
    "title": "The Godfather",
    "video": false,
    "vote_average": 8.7,
    "vote_count": 21011,
    "credits": {
        "cast": [
            {
                "adult": false,
                "gender": 2,
                "id": 3084,
                "known_for_department": "Acting",
                "name": "Marlon Brando",
                "original_name": "Marlon Brando",
                "popularity": 19.486,
                "profile_path": "/fuTEPMsBtV1zE98ujPONbKiYDc2.jpg",
                "cast_id": 146,
                "character": "Don Vito Corleone",
                "credit_id": "6489aa85e2726001072483a9",
                "order": 0
            },
            {
                "adult": false,
                "gender": 2,
                "id": 1158,
                "known_for_department": "Acting",
                "name": "Al Pacino",
                "original_name": "Al Pacino",
                "popularity": 54.088,
                "profile_path": "/fMDFeVf0pjopTJbyRSLFwNDm8Wr.jpg",
                "cast_id": 147,
                "character": "Michael Corleone",
                "credit_id": "6489aa936f8d9500afdf219c",
                "order": 1
            },
            {
                "adult": false,
                "gender": 2,
                "id": 3085,
                "known_for_department": "Acting",
                "name": "James Caan",
                "original_name": "James Caan",
                "popularity": 15.612,
                "profile_path": "/v3flJtQEyczxENi29yJyvnN6LVt.jpg",
                "cast_id": 148,
                "character": "Sonny Corleone",
                "credit_id": "6489aabc99259c00ff111136",
                "order": 2
            },
            {
                "adult": false,
                "gender": 2,
                "id": 3087,
                "known_for_department": "Acting",
                "name": "Robert Duvall",
                "original_name": "Robert Duvall",
                "popularity": 20.385,
                "profile_path": "/ybMmK25h4IVtfE7qrnlVp47RQlh.jpg",
                "cast_id": 149,
                "character": "Tom Hagen",
                "credit_id": "6489aace99259c011c42808d",
                "order": 3
            },
            {
                "adult": false,
                "gender": 2,
                "id": 3086,
                "known_for_department": "Acting",
                "name": "Richard S. Castellano",
                "original_name": "Richard S. Castellano",
                "popularity": 3.927,
                "profile_path": "/1vr75BdHWret81vuSJ3ugiCBkxw.jpg",
                "cast_id": 150,
                "character": "Clemenza",
                "credit_id": "6489aaf86f8d9500c88bea14",
                "order": 4
            },
            {
                "adult": false,
                "gender": 1,
                "id": 3092,
                "known_for_department": "Acting",
                "name": "Diane Keaton",
                "original_name": "Diane Keaton",
                "popularity": 14.496,
                "profile_path": "/tnx7pJqisfAzvXOR5wHQsbnH9XH.jpg",
                "cast_id": 151,
                "character": "Kay Adams",
                "credit_id": "6489ab23bf31f25055a33a46",
                "order": 5
            },
            {
                "adult": false,
                "gender": 1,
                "id": 3094,
                "known_for_department": "Acting",
                "name": "Talia Shire",
                "original_name": "Talia Shire",
                "popularity": 13.452,
                "profile_path": "/xvJ47wKL5zpwFXFFNZQmFmf7i9F.jpg",
                "cast_id": 152,
                "character": "Connie Corleone Rizzi",
                "credit_id": "6489ab5799259c011c4280d8",
                "order": 6
            },
            {
                "adult": false,
                "gender": 2,
                "id": 3095,
                "known_for_department": "Acting",
                "name": "Gianni Russo",
                "original_name": "Gianni Russo",
                "popularity": 3.159,
                "profile_path": "/jfeGnQfXMzKXsuSPm9oTxm6FOuz.jpg",
                "cast_id": 153,
                "character": "Carlo Rizzi",
                "credit_id": "6489ab77e375c00139c26e5b",
                "order": 7
            },
            {
                "adult": false,
                "gender": 2,
                "id": 3088,
                "known_for_department": "Acting",
                "name": "Sterling Hayden",
                "original_name": "Sterling Hayden",
                "popularity": 5.265,
                "profile_path": "/eRKaKeHjMKjNPOuENLccfVuyfVm.jpg",
                "cast_id": 154,
                "character": "Captain McCluskey",
                "credit_id": "6489abe0d2b209014e0b8df9",
                "order": 8
            },
            {
                "adult": false,
                "gender": 2,
                "id": 3142,
                "known_for_department": "Acting",
                "name": "John Marley",
                "original_name": "John Marley",
                "popularity": 4.746,
                "profile_path": "/xyzwd0CiBjXfowH3HcPhvuWcV5B.jpg",
                "cast_id": 155,
                "character": "Jack Woltz",
                "credit_id": "6489ac0299259c011c42811f",
                "order": 9
            },
            {
                "adult": false,
                "gender": 2,
                "id": 3090,
                "known_for_department": "Acting",
                "name": "Richard Conte",
                "original_name": "Richard Conte",
                "popularity": 5.075,
                "profile_path": "/bDegodf4dYGXMejdm4T6XgOJwlr.jpg",
                "cast_id": 156,
                "character": "Barzini",
                "credit_id": "6489ac126f8d9500afdf2251",
                "order": 10
            },
            {
                "adult": false,
                "gender": 2,
                "id": 3091,
                "known_for_department": "Acting",
                "name": "Al Lettieri",
                "original_name": "Al Lettieri",
                "popularity": 6.059,
                "profile_path": "/fE5mEWPkkVJlCji0EoKht8PYw89.jpg",
                "cast_id": 157,
                "character": "Sollozzo",
                "credit_id": "6489ac20e375c000acc796d1",
                "order": 11
            },
            {
                "adult": false,
                "gender": 2,
                "id": 3093,
                "known_for_department": "Acting",
                "name": "Abe Vigoda",
                "original_name": "Abe Vigoda",
                "popularity": 3.654,
                "profile_path": "/luWKPNb58IgJ2ovrtgPAzHGLLYL.jpg",
                "cast_id": 158,
                "character": "Sal Tessio",
                "credit_id": "6489ac2dbf31f2505708a65c",
                "order": 12
            },
            {
                "adult": false,
                "gender": 2,
                "id": 3096,
                "known_for_department": "Acting",
                "name": "John Cazale",
                "original_name": "John Cazale",
                "popularity": 4.958,
                "profile_path": "/7uKBc2BVbLlAiHuSdfioe1OUnCX.jpg",
                "cast_id": 159,
                "character": "Fredo Corleone",
                "credit_id": "6489ac3a6f8d9500afdf2260",
                "order": 13
            },
            {
                "adult": false,
                "gender": 2,
                "id": 3143,
                "known_for_department": "Acting",
                "name": "Rudy Bond",
                "original_name": "Rudy Bond",
                "popularity": 3.641,
                "profile_path": "/plsYnzwNlwGWc4s5YT1NASj4YvN.jpg",
                "cast_id": 160,
                "character": "Cuneo",
                "credit_id": "6489ac5de375c00139c26eb2",
                "order": 14
            },
            {
                "adult": false,
                "gender": 2,
                "id": 3144,
                "known_for_department": "Acting",
                "name": "Al Martino",
                "original_name": "Al Martino",
                "popularity": 2.719,
                "profile_path": "/jrxnZxAOBVXZaDr9r0nYpMnQwiU.jpg",
                "cast_id": 161,
                "character": "Johnny Fontane",
                "credit_id": "6489ac7199259c01392da0db",
                "order": 15
            },
            {
                "adult": false,
                "gender": 1,
                "id": 933716,
                "known_for_department": "Acting",
                "name": "Morgana King",
                "original_name": "Morgana King",
                "popularity": 2.669,
                "profile_path": "/1zzGZpZqedECtHMwfFIqd51nncM.jpg",
                "cast_id": 162,
                "character": "Mama Corleone",
                "credit_id": "6489ac82e272600107248470",
                "order": 16
            },
            {
                "adult": false,
                "gender": 2,
                "id": 106811,
                "known_for_department": "Acting",
                "name": "Lenny Montana",
                "original_name": "Lenny Montana",
                "popularity": 3.776,
                "profile_path": "/3R52Zh3MBCaSPqmcyWcD1Y0N4wo.jpg",
                "cast_id": 163,
                "character": "Luca Brasi",
                "credit_id": "6489ac90d2b20900ca220c08",
                "order": 17
            },
            {
                "adult": false,
                "gender": 2,
                "id": 99724,
                "known_for_department": "Acting",
                "name": "John Martino",
                "original_name": "John Martino",
                "popularity": 1.457,
                "profile_path": "/3c8BOgJ8UdHi5x5BS3lYnFngxB5.jpg",
                "cast_id": 164,
                "character": "Paulie Gatto",
                "credit_id": "6489ac9dd2b20900ca220c0f",
                "order": 18
            },
            {
                "adult": false,
                "gender": 2,
                "id": 1195877,
                "known_for_department": "Acting",
                "name": "Salvatore Corsitto",
                "original_name": "Salvatore Corsitto",
                "popularity": 1.961,
                "profile_path": "/79OfgwtdP5qsR1UX6ERkrdmRT8c.jpg",
                "cast_id": 165,
                "character": "Bonasera",
                "credit_id": "6489acaae375c000acc79705",
                "order": 19
            },
            {
                "adult": false,
                "gender": 2,
                "id": 3174,
                "known_for_department": "Acting",
                "name": "Richard Bright",
                "original_name": "Richard Bright",
                "popularity": 4.186,
                "profile_path": "/potMaJ2u5PRjXZb7qF9lSW1ldNZ.jpg",
                "cast_id": 166,
                "character": "Neri",
                "credit_id": "6489acc2bf31f25054b828e4",
                "order": 20
            },
            {
                "adult": false,
                "gender": 2,
                "id": 20752,
                "known_for_department": "Acting",
                "name": "Alex Rocco",
                "original_name": "Alex Rocco",
                "popularity": 3.579,
                "profile_path": "/uAG4qvYhYHuCyyXGm3lqC4o6ujc.jpg",
                "cast_id": 167,
                "character": "Moe Greene",
                "credit_id": "6489acd1d2b20900ad3ec8cf",
                "order": 21
            },
            {
                "adult": false,
                "gender": 2,
                "id": 3414,
                "known_for_department": "Acting",
                "name": "Tony Giorgio",
                "original_name": "Tony Giorgio",
                "popularity": 1.494,
                "profile_path": "/1uhgwgjoX7WaakEOBmtBRJKtgEB.jpg",
                "cast_id": 168,
                "character": "Bruno Tattaglia",
                "credit_id": "6489ad08bf31f25055a33b08",
                "order": 22
            },
            {
                "adult": false,
                "gender": 2,
                "id": 82779,
                "known_for_department": "Acting",
                "name": "Vito Scotti",
                "original_name": "Vito Scotti",
                "popularity": 5.13,
                "profile_path": "/vZJVyk2k8yCqLbpG4b9R22IYjSO.jpg",
                "cast_id": 169,
                "character": "Nazorine",
                "credit_id": "6489ad166f8d9501023e6cb2",
                "order": 23
            },
            {
                "adult": false,
                "gender": 1,
                "id": 982089,
                "known_for_department": "Acting",
                "name": "Tere Livrano",
                "original_name": "Tere Livrano",
                "popularity": 1.863,
                "profile_path": "/mSBI5B8t5WdA1vY82YlcySTopam.jpg",
                "cast_id": 170,
                "character": "Theresa Hagen",
                "credit_id": "6489ad23d2b20900ad3ec8f9",
                "order": 24
            },
            {
                "adult": false,
                "gender": 2,
                "id": 3413,
                "known_for_department": "Acting",
                "name": "Victor Rendina",
                "original_name": "Victor Rendina",
                "popularity": 2.308,
                "profile_path": "/vuNdsjDpgom80WBdB2WBTWuEIuM.jpg",
                "cast_id": 171,
                "character": "Philip Tattaglia",
                "credit_id": "6489ad306f8d9500c88beb2c",
                "order": 25
            },
            {
                "adult": false,
                "gender": 1,
                "id": 167363,
                "known_for_department": "Acting",
                "name": "Jeannie Linero",
                "original_name": "Jeannie Linero",
                "popularity": 1.028,
                "profile_path": null,
                "cast_id": 172,
                "character": "Lucy Mancini",
                "credit_id": "6489ad4f6f8d95011f2439db",
                "order": 26
            },
            {
                "adult": false,
                "gender": 1,
                "id": 160728,
                "known_for_department": "Acting",
                "name": "Julie Gregg",
                "original_name": "Julie Gregg",
                "popularity": 5.558,
                "profile_path": "/8Kx71BnZNtpzb86jH7fcArWhJBh.jpg",
                "cast_id": 173,
                "character": "Sandra Corleone",
                "credit_id": "6489ad696f8d9500c88beb4e",
                "order": 27
            },
            {
                "adult": false,
                "gender": 1,
                "id": 4111331,
                "known_for_department": "Acting",
                "name": "Ardell Sheridan",
                "original_name": "Ardell Sheridan",
                "popularity": 0.616,
                "profile_path": null,
                "cast_id": 174,
                "character": "Mrs. Clemenza",
                "credit_id": "6489adb8bf31f25054b8295f",
                "order": 28
            },
            {
                "adult": false,
                "gender": 1,
                "id": 3145,
                "known_for_department": "Acting",
                "name": "Simonetta Stefanelli",
                "original_name": "Simonetta Stefanelli",
                "popularity": 8.59,
                "profile_path": "/sVDrhgxuE6SHnj7q07OG6ywPUYR.jpg",
                "cast_id": 175,
                "character": "Apollonia - Sicilian Sequence",
                "credit_id": "6489ae04bf31f25055a33b87",
                "order": 29
            },
            {
                "adult": false,
                "gender": 2,
                "id": 27647,
                "known_for_department": "Acting",
                "name": "Angelo Infanti",
                "original_name": "Angelo Infanti",
                "popularity": 3.804,
                "profile_path": "/dkRVpiDj9YyiuM15XZKT11zZBIR.jpg",
                "cast_id": 176,
                "character": "Fabrizio - Sicilian Sequence",
                "credit_id": "6489ae14d2b20900ca220cca",
                "order": 30
            },
            {
                "adult": false,
                "gender": 2,
                "id": 24604,
                "known_for_department": "Acting",
                "name": "Corrado Gaipa",
                "original_name": "Corrado Gaipa",
                "popularity": 1.389,
                "profile_path": "/7vR2BOdVw9FwJKjgpcisjKEytnL.jpg",
                "cast_id": 177,
                "character": "Don Tommasino - Sicilian Sequence",
                "credit_id": "6489ae21d2b20900ca220cd4",
                "order": 31
            },
            {
                "adult": false,
                "gender": 2,
                "id": 44860,
                "known_for_department": "Acting",
                "name": "Franco Citti",
                "original_name": "Franco Citti",
                "popularity": 3.776,
                "profile_path": "/mttQPjOHaql4RKsfYriUA7HuROE.jpg",
                "cast_id": 178,
                "character": "Calo - Sicilian Sequence",
                "credit_id": "6489ae2e6f8d9500c88bebcf",
                "order": 32
            },
            {
                "adult": false,
                "gender": 2,
                "id": 119431,
                "known_for_department": "Acting",
                "name": "Saro Urzì",
                "original_name": "Saro Urzì",
                "popularity": 1.385,
                "profile_path": "/wp88yz8T1TJcw5egiDu1m5a302D.jpg",
                "cast_id": 179,
                "character": "Vitelli - Sicilian Sequence",
                "credit_id": "6489ae3ce2726000afc4c253",
                "order": 33
            },
            {
                "adult": false,
                "gender": 2,
                "id": 38803,
                "known_for_department": "Writing",
                "name": "Roman Coppola",
                "original_name": "Roman Coppola",
                "popularity": 4.668,
                "profile_path": "/dq454EhrDVKBsiYzuLr0IkKa18v.jpg",
                "cast_id": 182,
                "character": "Boy on Street Who Attended Funeral (uncredited)",
                "credit_id": "6489af3ce2726001287c0ab0",
                "order": 34
            },
            {
                "adult": false,
                "gender": 1,
                "id": 1769,
                "known_for_department": "Directing",
                "name": "Sofia Coppola",
                "original_name": "Sofia Coppola",
                "popularity": 6.815,
                "profile_path": "/dzHC2LxmarkBxWLhjp2DRa5oCev.jpg",
                "cast_id": 181,
                "character": "Michael Francis Rizzi (uncredited)",
                "credit_id": "6489af2de375c000acc797fe",
                "order": 35
            },
            {
                "adult": false,
                "gender": 0,
                "id": 1209294,
                "known_for_department": "Acting",
                "name": "Don Costello",
                "original_name": "Don Costello",
                "popularity": 0.604,
                "profile_path": null,
                "cast_id": 183,
                "character": "Don Victor Stracci (uncredited)",
                "credit_id": "6489af7abf31f2505883d309",
                "order": 36
            },
            {
                "adult": false,
                "gender": 1,
                "id": 126072,
                "known_for_department": "Acting",
                "name": "Italia Coppola",
                "original_name": "Italia Coppola",
                "popularity": 1.252,
                "profile_path": null,
                "cast_id": 184,
                "character": "Extra in Wedding Scene (uncredited)",
                "credit_id": "6489afb46f8d95011f243b21",
                "order": 37
            },
            {
                "adult": false,
                "gender": 2,
                "id": 2870,
                "known_for_department": "Production",
                "name": "Gray Frederickson",
                "original_name": "Gray Frederickson",
                "popularity": 1.474,
                "profile_path": null,
                "cast_id": 195,
                "character": "Cowboy on the Set at Woltz's Studio (uncredited)",
                "credit_id": "6489b195e375c00139c270d3",
                "order": 38
            },
            {
                "adult": false,
                "gender": 2,
                "id": 160621,
                "known_for_department": "Acting",
                "name": "Ron Gilbert",
                "original_name": "Ron Gilbert",
                "popularity": 3.196,
                "profile_path": "/qrY6w2k0YpuMB2yTCOv6cxeQtmw.jpg",
                "cast_id": 185,
                "character": "Usher in Bridal Party (uncredited)",
                "credit_id": "6489afe46f8d95013c752d10",
                "order": 39
            },
            {
                "adult": false,
                "gender": 2,
                "id": 1233541,
                "known_for_department": "Acting",
                "name": "Sonny Grosso",
                "original_name": "Sonny Grosso",
                "popularity": 1.788,
                "profile_path": null,
                "cast_id": 202,
                "character": "Cop Outside Hospital (uncredited)",
                "credit_id": "6489b33fe272600107248730",
                "order": 40
            },
            {
                "adult": false,
                "gender": 2,
                "id": 20973,
                "known_for_department": "Acting",
                "name": "Louis Guss",
                "original_name": "Louis Guss",
                "popularity": 1.841,
                "profile_path": "/hz5Akuh4QcqitlifYwDiZ9ut6Tr.jpg",
                "cast_id": 180,
                "character": "Don Zaluchi (uncredited)",
                "credit_id": "6489af11e375c000ff4ab5f2",
                "order": 41
            },
            {
                "adult": false,
                "gender": 2,
                "id": 1068099,
                "known_for_department": "Acting",
                "name": "Randy Jurgensen",
                "original_name": "Randy Jurgensen",
                "popularity": 2.135,
                "profile_path": "/xRoN79wRLndTMCJoaBSsdjQVIzI.jpg",
                "cast_id": 186,
                "character": "Sonny's Killer #1 (uncredited)",
                "credit_id": "6489affed2b209014e0b8fdb",
                "order": 42
            },
            {
                "adult": false,
                "gender": 2,
                "id": 55672,
                "known_for_department": "Acting",
                "name": "Tony King",
                "original_name": "Tony King",
                "popularity": 0.867,
                "profile_path": "/hOVVHEyc6euuuRhCLo6Q5YE4lLz.jpg",
                "cast_id": 196,
                "character": "Tony - Stablehand (uncredited)",
                "credit_id": "6489b214e375c000ff4ab714",
                "order": 43
            },
            {
                "adult": false,
                "gender": 2,
                "id": 61241,
                "known_for_department": "Acting",
                "name": "Tony Lip",
                "original_name": "Tony Lip",
                "popularity": 6.597,
                "profile_path": "/6xz6XmjgiCCOm067OzWYziD4Mxa.jpg",
                "cast_id": 206,
                "character": "Wedding Guest (uncredited)",
                "credit_id": "6489b6276f8d9500e5015933",
                "order": 44
            },
            {
                "adult": false,
                "gender": 2,
                "id": 1503036,
                "known_for_department": "Acting",
                "name": "Joe Lo Grippo",
                "original_name": "Joe Lo Grippo",
                "popularity": 0.618,
                "profile_path": null,
                "cast_id": 188,
                "character": "Sonny's Bodyguard (uncredited)",
                "credit_id": "6489b0736f8d9500afdf2448",
                "order": 45
            },
            {
                "adult": false,
                "gender": 2,
                "id": 106187,
                "known_for_department": "Acting",
                "name": "Lou Martini Jr.",
                "original_name": "Lou Martini Jr.",
                "popularity": 4.768,
                "profile_path": "/85s5KR0BA6dhMJtOrvtKGY8Bz8E.jpg",
                "cast_id": 187,
                "character": "Boy at Wedding (uncredited)",
                "credit_id": "6489b033d2b20900ca220dd5",
                "order": 46
            },
            {
                "adult": false,
                "gender": 2,
                "id": 100503,
                "known_for_department": "Acting",
                "name": "Raymond Martino",
                "original_name": "Raymond Martino",
                "popularity": 1.239,
                "profile_path": "/i6fEvqkz2oi3LxYZdYujIloB5wq.jpg",
                "cast_id": 207,
                "character": "Corleone Family Member (uncredited)",
                "credit_id": "6489b647e272600147bc20cf",
                "order": 47
            },
            {
                "adult": false,
                "gender": 2,
                "id": 1503035,
                "known_for_department": "Acting",
                "name": "Joseph Medaglia",
                "original_name": "Joseph Medaglia",
                "popularity": 0.367,
                "profile_path": null,
                "cast_id": 191,
                "character": "Priest at Baptism (uncredited)",
                "credit_id": "6489b100bf31f250569dd401",
                "order": 48
            },
            {
                "adult": false,
                "gender": 1,
                "id": 2313192,
                "known_for_department": "Acting",
                "name": "Carol Morley",
                "original_name": "Carol Morley",
                "popularity": 0.883,
                "profile_path": null,
                "cast_id": 190,
                "character": "Night Nurse (uncredited)",
                "credit_id": "6489b0cee27260010724864d",
                "order": 49
            },
            {
                "adult": false,
                "gender": 0,
                "id": 1290895,
                "known_for_department": "Acting",
                "name": "Rick Petrucelli",
                "original_name": "Rick Petrucelli",
                "popularity": 0.515,
                "profile_path": null,
                "cast_id": 189,
                "character": "Lou - Sollozzo's Driver (uncredited)",
                "credit_id": "6489b09f99259c00accf128f",
                "order": 50
            },
            {
                "adult": false,
                "gender": 2,
                "id": 1237372,
                "known_for_department": "Acting",
                "name": "Sal Richards",
                "original_name": "Sal Richards",
                "popularity": 1.686,
                "profile_path": "/gZSiZOtBVv1U4hqjlKkPr2p5rCP.jpg",
                "cast_id": 198,
                "character": "Drunk (uncredited)",
                "credit_id": "6489b2a2bf31f2505708a90f",
                "order": 51
            },
            {
                "adult": false,
                "gender": 2,
                "id": 1213795,
                "known_for_department": "Acting",
                "name": "Tom Rosqui",
                "original_name": "Tom Rosqui",
                "popularity": 3.655,
                "profile_path": null,
                "cast_id": 192,
                "character": "Rocco Lampone (uncredited)",
                "credit_id": "6489b118e375c0011c8206ba",
                "order": 52
            },
            {
                "adult": false,
                "gender": 2,
                "id": 11480,
                "known_for_department": "Acting",
                "name": "Frank Sivero",
                "original_name": "Frank Sivero",
                "popularity": 8.355,
                "profile_path": "/eqvhj0iNtcsN6EJhd21Goqi1DSq.jpg",
                "cast_id": 199,
                "character": "Street Extra (uncredited)",
                "credit_id": "6489b2f3e2726000e8c326a5",
                "order": 53
            },
            {
                "adult": false,
                "gender": 0,
                "id": 1209678,
                "known_for_department": "Acting",
                "name": "Filomena Spagnuolo",
                "original_name": "Filomena Spagnuolo",
                "popularity": 0.356,
                "profile_path": null,
                "cast_id": 200,
                "character": "Extra in Wedding Scene (uncredited)",
                "credit_id": "6489b306bf31f2505f40b8be",
                "order": 54
            },
            {
                "adult": false,
                "gender": 2,
                "id": 16525,
                "known_for_department": "Acting",
                "name": "Joe Spinell",
                "original_name": "Joe Spinell",
                "popularity": 6.048,
                "profile_path": "/jiok99ZvHDOj51BBgio2qvum0Mb.jpg",
                "cast_id": 193,
                "character": "Willi Cicci (uncredited)",
                "credit_id": "6489b12ee2726000e8c325be",
                "order": 55
            },
            {
                "adult": false,
                "gender": 2,
                "id": 138211,
                "known_for_department": "Acting",
                "name": "Gabriele Torrei",
                "original_name": "Gabriele Torrei",
                "popularity": 0.824,
                "profile_path": "/x3KeYWTWX5SqZ3NuQGiWiadO4DI.jpg",
                "cast_id": 197,
                "character": "Enzo the Baker (uncredited)",
                "credit_id": "6489b22a99259c00e2f7628c",
                "order": 56
            },
            {
                "adult": false,
                "gender": 2,
                "id": 78336,
                "known_for_department": "Directing",
                "name": "Nick Vallelonga",
                "original_name": "Nick Vallelonga",
                "popularity": 8.962,
                "profile_path": "/h0GwAHN1J5lDysqgWxMIg66LNBW.jpg",
                "cast_id": 201,
                "character": "Wedding Party Guest (uncredited)",
                "credit_id": "6489b320e375c00139c2715d",
                "order": 57
            },
            {
                "adult": false,
                "gender": 2,
                "id": 1234848,
                "known_for_department": "Acting",
                "name": "Conrad Yama",
                "original_name": "Conrad Yama",
                "popularity": 0.704,
                "profile_path": null,
                "cast_id": 194,
                "character": "Fruit Vendor (uncredited)",
                "credit_id": "6489b146e375c00139c270aa",
                "order": 58
            }
        ],
        "crew": [
            {
                "adult": false,
                "gender": 2,
                "id": 3083,
                "known_for_department": "Writing",
                "name": "Mario Puzo",
                "original_name": "Mario Puzo",
                "popularity": 5.812,
                "profile_path": "/lEsT1uCZAZg1nYDQe3Fsj9CalzT.jpg",
                "credit_id": "52fe422bc3a36847f80093d5",
                "department": "Writing",
                "job": "Screenplay"
            },
            {
                "adult": false,
                "gender": 2,
                "id": 457,
                "known_for_department": "Production",
                "name": "Albert S. Ruddy",
                "original_name": "Albert S. Ruddy",
                "popularity": 4.273,
                "profile_path": "/jSkLkR79OmqYHg0kx4WWXI1TYPP.jpg",
                "credit_id": "52fe422bc3a36847f80093cf",
                "department": "Production",
                "job": "Producer"
            },
            {
                "adult": false,
                "gender": 2,
                "id": 1776,
                "known_for_department": "Directing",
                "name": "Francis Ford Coppola",
                "original_name": "Francis Ford Coppola",
                "popularity": 9.98,
                "profile_path": "/IwGgkmW6IoJ9vuNF0T9CU3FYUX.jpg",
                "credit_id": "52fe422bc3a36847f80093db",
                "department": "Writing",
                "job": "Screenplay"
            },
            {
                "adult": false,
                "gender": 2,
                "id": 3099,
                "known_for_department": "Editing",
                "name": "William Reynolds",
                "original_name": "William Reynolds",
                "popularity": 0.703,
                "profile_path": null,
                "credit_id": "52fe422bc3a36847f80093ed",
                "department": "Editing",
                "job": "Editor"
            },
            {
                "adult": false,
                "gender": 2,
                "id": 3100,
                "known_for_department": "Editing",
                "name": "Peter Zinner",
                "original_name": "Peter Zinner",
                "popularity": 2.643,
                "profile_path": null,
                "credit_id": "52fe422bc3a36847f80093f3",
                "department": "Editing",
                "job": "Editor"
            },
            {
                "adult": false,
                "gender": 2,
                "id": 556870,
                "known_for_department": "Acting",
                "name": "Anthony Caso",
                "original_name": "Anthony Caso",
                "popularity": 2.105,
                "profile_path": "/jIyxDg79TJADZGK4mTOEWL7CuLS.jpg",
                "credit_id": "64d6be46db4ed600e2b68eef",
                "department": "Crew",
                "job": "Stunt Double"
            },
            {
                "adult": false,
                "gender": 2,
                "id": 1433439,
                "known_for_department": "Crew",
                "name": "Paul Baxley",
                "original_name": "Paul Baxley",
                "popularity": 5.169,
                "profile_path": "/kC8hQ9WQLCstzO2dhWzDLx0Ce7e.jpg",
                "credit_id": "64d6be38f495ee02924e4a54",
                "department": "Crew",
                "job": "Stunt Coordinator"
            },
            {
                "adult": false,
                "gender": 0,
                "id": 3213655,
                "known_for_department": "Production",
                "name": "Harry Daley",
                "original_name": "Harry Daley",
                "popularity": 0.574,
                "profile_path": null,
                "credit_id": "64d6be41f14dad00e3b831ab",
                "department": "Crew",
                "job": "Stunts"
            },
            {
                "adult": false,
                "gender": 1,
                "id": 1511672,
                "known_for_department": "Directing",
                "name": "Nancy Hopton",
                "original_name": "Nancy Hopton",
                "popularity": 0.516,
                "profile_path": null,
                "credit_id": "62bd44c217b5ef04e6b3fc04",
                "department": "Directing",
                "job": "Script Supervisor"
            },
            {
                "adult": false,
                "gender": 2,
                "id": 29389,
                "known_for_department": "Sound",
                "name": "Carlo Savina",
                "original_name": "Carlo Savina",
                "popularity": 0.953,
                "profile_path": null,
                "credit_id": "62bd436412aabc151f2dbaef",
                "department": "Sound",
                "job": "Conductor"
            },
            {
                "adult": false,
                "gender": 0,
                "id": 81532,
                "known_for_department": "Costume & Make-Up",
                "name": "George Newman",
                "original_name": "George Newman",
                "popularity": 0.486,
                "profile_path": null,
                "credit_id": "62bd446a7304b523856c2c25",
                "department": "Costume & Make-Up",
                "job": "Wardrobe Supervisor"
            },
            {
                "adult": false,
                "gender": 2,
                "id": 154,
                "known_for_department": "Editing",
                "name": "Walter Murch",
                "original_name": "Walter Murch",
                "popularity": 6.001,
                "profile_path": "/kQh7U7kRLF9NKEMpxiGjZEIu0o3.jpg",
                "credit_id": "62bd43fb63d9370092ba09da",
                "department": "Crew",
                "job": "Post Production Consulting"
            },
            {
                "adult": false,
                "gender": 2,
                "id": 1044,
                "known_for_department": "Camera",
                "name": "Michael Chapman",
                "original_name": "Michael Chapman",
                "popularity": 4.825,
                "profile_path": "/vFFWHlwwIgWoi2NPoVq3uzikCnM.jpg",
                "credit_id": "62bd4492097c490051497166",
                "department": "Camera",
                "job": "Camera Operator"
            },
            {
                "adult": false,
                "gender": 0,
                "id": 3606474,
                "known_for_department": "Production",
                "name": "Tony Bowers",
                "original_name": "Tony Bowers",
                "popularity": 0.048,
                "profile_path": null,
                "credit_id": "62bd45e59a9f9a008bf772b9",
                "department": "Production",
                "job": "Location Coordinator"
            },
            {
                "adult": false,
                "gender": 0,
                "id": 3357584,
                "known_for_department": "Production",
                "name": "Michael Briggs",
                "original_name": "Michael Briggs",
                "popularity": 0.001,
                "profile_path": null,
                "credit_id": "62bd45a47ef3812768ed8113",
                "department": "Production",
                "job": "Location Coordinator"
            },
            {
                "adult": false,
                "gender": 2,
                "id": 2872,
                "known_for_department": "Sound",
                "name": "Carmine Coppola",
                "original_name": "Carmine Coppola",
                "popularity": 1.296,
                "profile_path": "/iURpKXIgdtQoVCBQ8GKGvb0Qw5z.jpg",
                "credit_id": "62bd43877304b52384a221cb",
                "department": "Crew",
                "job": "Additional Music"
            },
            {
                "adult": false,
                "gender": 2,
                "id": 3098,
                "known_for_department": "Sound",
                "name": "Nino Rota",
                "original_name": "Nino Rota",
                "popularity": 1.213,
                "profile_path": "/v42v3uM7jqwoZxDJ8MlEtT6Ol7a.jpg",
                "credit_id": "538848b1c3a3681aea004056",
                "department": "Sound",
                "job": "Original Music Composer"
            },
            {
                "adult": false,
                "gender": 2,
                "id": 3097,
                "known_for_department": "Camera",
                "name": "Gordon Willis",
                "original_name": "Gordon Willis",
                "popularity": 2.324,
                "profile_path": "/6gOmfatlF7UdhaHi2tPsZMb5vmz.jpg",
                "credit_id": "538848a0c3a3681ae3004283",
                "department": "Camera",
                "job": "Director of Photography"
            },
            {
                "adult": false,
                "gender": 2,
                "id": 3083,
                "known_for_department": "Writing",
                "name": "Mario Puzo",
                "original_name": "Mario Puzo",
                "popularity": 5.812,
                "profile_path": "/lEsT1uCZAZg1nYDQe3Fsj9CalzT.jpg",
                "credit_id": "538848cec3a3681aea00405a",
                "department": "Writing",
                "job": "Novel"
            },
            {
                "adult": false,
                "gender": 2,
                "id": 2875,
                "known_for_department": "Art",
                "name": "Dean Tavoularis",
                "original_name": "Dean Tavoularis",
                "popularity": 3.652,
                "profile_path": "/hrRBaXUn2k29qd1MvAxuag5L32c.jpg",
                "credit_id": "53884b4e0e0a261441005deb",
                "department": "Art",
                "job": "Production Design"
            },
            {
                "adult": false,
                "gender": 2,
                "id": 949,
                "known_for_department": "Production",
                "name": "Louis DiGiaimo",
                "original_name": "Louis DiGiaimo",
                "popularity": 0.535,
                "profile_path": null,
                "credit_id": "53885009c3a3682f780004c6",
                "department": "Production",
                "job": "Casting"
            },
            {
                "adult": false,
                "gender": 0,
                "id": 3101,
                "known_for_department": "Production",
                "name": "Andrea Eastman",
                "original_name": "Andrea Eastman",
                "popularity": 0.368,
                "profile_path": null,
                "credit_id": "53885029c3a3681ad7004596",
                "department": "Production",
                "job": "Casting"
            },
            {
                "adult": false,
                "gender": 2,
                "id": 2871,
                "known_for_department": "Production",
                "name": "Fred Roos",
                "original_name": "Fred Roos",
                "popularity": 1.667,
                "profile_path": "/1a7L2qJUB6BRhgdey4oBhzYv2cm.jpg",
                "credit_id": "53885041c3a3681ad700459b",
                "department": "Production",
                "job": "Casting"
            },
            {
                "adult": false,
                "gender": 2,
                "id": 2870,
                "known_for_department": "Production",
                "name": "Gray Frederickson",
                "original_name": "Gray Frederickson",
                "popularity": 1.474,
                "profile_path": null,
                "credit_id": "53884fe1c3a3681ad7004590",
                "department": "Production",
                "job": "Associate Producer"
            },
            {
                "adult": false,
                "gender": 2,
                "id": 30580,
                "known_for_department": "Art",
                "name": "Philip Smith",
                "original_name": "Philip Smith",
                "popularity": 0.511,
                "profile_path": null,
                "credit_id": "53884fb2c3a3681ad700458c",
                "department": "Art",
                "job": "Set Decoration"
            },
            {
                "adult": false,
                "gender": 0,
                "id": 81519,
                "known_for_department": "Art",
                "name": "Warren Clymer",
                "original_name": "Warren Clymer",
                "popularity": 0.296,
                "profile_path": null,
                "credit_id": "53884f8dc3a3681add0044a6",
                "department": "Art",
                "job": "Art Direction"
            },
            {
                "adult": false,
                "gender": 1,
                "id": 6851,
                "known_for_department": "Costume & Make-Up",
                "name": "Anna Hill Johnstone",
                "original_name": "Anna Hill Johnstone",
                "popularity": 0.737,
                "profile_path": null,
                "credit_id": "53884fc3c3a3681add0044ad",
                "department": "Costume & Make-Up",
                "job": "Costume Design"
            },
            {
                "adult": false,
                "gender": 2,
                "id": 51302,
                "known_for_department": "Crew",
                "name": "Joe Bucaro III",
                "original_name": "Joe Bucaro III",
                "popularity": 4.242,
                "profile_path": "/gvJs1YQZRrSbkiSGAiCAugaXyzl.jpg",
                "credit_id": "652b23a3024ec8010151aca6",
                "department": "Crew",
                "job": "Stand In"
            },
            {
                "adult": false,
                "gender": 2,
                "id": 6099,
                "known_for_department": "Production",
                "name": "Valerio De Paolis",
                "original_name": "Valerio De Paolis",
                "popularity": 0.757,
                "profile_path": "/rbsYkbJPgQAMuFY71RYrYatdXWT.jpg",
                "credit_id": "563e3d18c3a3681b5402d6d3",
                "department": "Production",
                "job": "Production Manager"
            },
            {
                "adult": false,
                "gender": 2,
                "id": 3105,
                "known_for_department": "Sound",
                "name": "Richard Portman",
                "original_name": "Richard Portman",
                "popularity": 0.386,
                "profile_path": null,
                "credit_id": "568c060ac3a3685f89018710",
                "department": "Sound",
                "job": "Sound Re-Recording Mixer"
            },
            {
                "adult": false,
                "gender": 2,
                "id": 29654,
                "known_for_department": "Costume & Make-Up",
                "name": "Dick Smith",
                "original_name": "Dick Smith",
                "popularity": 1.229,
                "profile_path": "/kKCenlQ8iQCTLGfX8ZPpJFpxvwS.jpg",
                "credit_id": "56a76ff8c3a36819c9002fcb",
                "department": "Costume & Make-Up",
                "job": "Makeup Artist"
            },
            {
                "adult": false,
                "gender": 0,
                "id": 1518601,
                "known_for_department": "Costume & Make-Up",
                "name": "Phil Rhodes",
                "original_name": "Phil Rhodes",
                "popularity": 0.29,
                "profile_path": null,
                "credit_id": "56a76fc79251412a04002fa3",
                "department": "Costume & Make-Up",
                "job": "Makeup Artist"
            },
            {
                "adult": false,
                "gender": 0,
                "id": 16194,
                "known_for_department": "Costume & Make-Up",
                "name": "Philip Leto",
                "original_name": "Philip Leto",
                "popularity": 0.629,
                "profile_path": null,
                "credit_id": "56a76fd49251412a04002fa6",
                "department": "Costume & Make-Up",
                "job": "Hairstylist"
            },
            {
                "adult": false,
                "gender": 2,
                "id": 3103,
                "known_for_department": "Sound",
                "name": "Charles Grenzbach",
                "original_name": "Charles Grenzbach",
                "popularity": 1.171,
                "profile_path": null,
                "credit_id": "570006ec9251417647000790",
                "department": "Sound",
                "job": "Sound Re-Recording Mixer"
            },
            {
                "adult": false,
                "gender": 0,
                "id": 14059,
                "known_for_department": "Crew",
                "name": "Sass Bedig",
                "original_name": "Sass Bedig",
                "popularity": 0.343,
                "profile_path": null,
                "credit_id": "57448523925141218f000400",
                "department": "Crew",
                "job": "Special Effects"
            },
            {
                "adult": false,
                "gender": 2,
                "id": 96912,
                "known_for_department": "Crew",
                "name": "Joe Lombardi",
                "original_name": "Joe Lombardi",
                "popularity": 0.867,
                "profile_path": null,
                "credit_id": "574485a9925141218f000420",
                "department": "Crew",
                "job": "Special Effects"
            },
            {
                "adult": false,
                "gender": 2,
                "id": 11789,
                "known_for_department": "Production",
                "name": "Fred C. Caruso",
                "original_name": "Fred C. Caruso",
                "popularity": 1.303,
                "profile_path": null,
                "credit_id": "57447bba925141110900063d",
                "department": "Production",
                "job": "Unit Production Manager"
            },
            {
                "adult": false,
                "gender": 2,
                "id": 1776,
                "known_for_department": "Directing",
                "name": "Francis Ford Coppola",
                "original_name": "Francis Ford Coppola",
                "popularity": 9.98,
                "profile_path": "/IwGgkmW6IoJ9vuNF0T9CU3FYUX.jpg",
                "credit_id": "664dc33ded26e32ff7349b13",
                "department": "Production",
                "job": "Producer"
            },
            {
                "adult": false,
                "gender": 2,
                "id": 2350735,
                "known_for_department": "Crew",
                "name": "A.D. Flowers",
                "original_name": "A.D. Flowers",
                "popularity": 0.616,
                "profile_path": null,
                "credit_id": "6489b484e375c00139c271ef",
                "department": "Crew",
                "job": "Special Effects"
            },
            {
                "adult": false,
                "gender": 0,
                "id": 1969191,
                "known_for_department": "Art",
                "name": "Richard Adee",
                "original_name": "Richard Adee",
                "popularity": 0.203,
                "profile_path": null,
                "credit_id": "6489b4ecd2b209012dfdc553",
                "department": "Art",
                "job": "Set Decoration"
            },
            {
                "adult": false,
                "gender": 2,
                "id": 3104,
                "known_for_department": "Sound",
                "name": "Chris Newman",
                "original_name": "Chris Newman",
                "popularity": 3.409,
                "profile_path": null,
                "credit_id": "6489b5ac6f8d9500e50158ee",
                "department": "Sound",
                "job": "Sound Recordist"
            },
            {
                "adult": false,
                "gender": 2,
                "id": 12288,
                "known_for_department": "Production",
                "name": "Robert Evans",
                "original_name": "Robert Evans",
                "popularity": 4.213,
                "profile_path": "/5OvhrPq1I4GaTlNrHFKnh3jfUP6.jpg",
                "credit_id": "668cdc982c318ef8460d18ff",
                "department": "Production",
                "job": "Producer"
            },
            {
                "adult": false,
                "gender": 2,
                "id": 1625347,
                "known_for_department": "Directing",
                "name": "Tony Brandt",
                "original_name": "Tony Brandt",
                "popularity": 0.36,
                "profile_path": null,
                "credit_id": "5e92510accb15f00156de8d4",
                "department": "Directing",
                "job": "Assistant Director"
            },
            {
                "adult": false,
                "gender": 2,
                "id": 1776,
                "known_for_department": "Directing",
                "name": "Francis Ford Coppola",
                "original_name": "Francis Ford Coppola",
                "popularity": 9.98,
                "profile_path": "/IwGgkmW6IoJ9vuNF0T9CU3FYUX.jpg",
                "credit_id": "5e92505cccb15f00136de455",
                "department": "Directing",
                "job": "Director"
            },
            {
                "adult": false,
                "gender": 2,
                "id": 10546,
                "known_for_department": "Production",
                "name": "Fred T. Gallo",
                "original_name": "Fred T. Gallo",
                "popularity": 0.697,
                "profile_path": null,
                "credit_id": "5e9250a3875d1a001442c342",
                "department": "Directing",
                "job": "Assistant Director"
            }
        ]
    },
    "similar": {
        "page": 1,
        "results": [
            {
                "adult": false,
                "backdrop_path": null,
                "genre_ids": [
                    18,
                    10749
                ],
                "id": 767795,
                "original_language": "cs",
                "original_title": "Děvče z tabákové továrny",
                "overview": "",
                "popularity": 0.43,
                "poster_path": null,
                "release_date": "1929-01-11",
                "title": "Děvče z tabákové továrny",
                "video": false,
                "vote_average": 0,
                "vote_count": 0
            },
            {
                "adult": false,
                "backdrop_path": null,
                "genre_ids": [
                    18,
                    10749
                ],
                "id": 767801,
                "original_language": "cs",
                "original_title": "Filosofka Mája",
                "overview": "",
                "popularity": 0.104,
                "poster_path": null,
                "release_date": "1928-08-31",
                "title": "Filosofka Mája",
                "video": false,
                "vote_average": 0,
                "vote_count": 0
            },
            {
                "adult": false,
                "backdrop_path": "/lqmNJ2dEqC5afCmYeLUiC6bYDUI.jpg",
                "genre_ids": [
                    18
                ],
                "id": 426613,
                "original_language": "en",
                "original_title": "The Miseducation of Cameron Post",
                "overview": "Pennsylvania, 1993. After getting caught with another girl, teenager Cameron Post is sent to a conversion therapy center run by the strict Dr. Lydia Marsh and her brother, Reverend Rick, whose treatment consists in repenting for feeling “same sex attraction.” Cameron befriends fellow sinners Jane and Adam, thus creating a new family to deal with the surrounding intolerance.",
                "popularity": 11.167,
                "poster_path": "/uEd38H98vfoZfGesoVnFdqg1QLG.jpg",
                "release_date": "2018-07-18",
                "title": "The Miseducation of Cameron Post",
                "video": false,
                "vote_average": 6.921,
                "vote_count": 967
            },
            {
                "adult": false,
                "backdrop_path": "/2reDfi3bl3givTawULOVvjEF1rR.jpg",
                "genre_ids": [
                    10752,
                    18,
                    10749
                ],
                "id": 426618,
                "original_language": "en",
                "original_title": "Where Hands Touch",
                "overview": "Germany, 1944. Leyna, the 15-year old daughter of a white German mother and a black African father, meets Lutz, a compassionate member of the Hitler Youth whose father is a prominent Nazi soldier, and they form an unlikely connection in this quickly changing world.",
                "popularity": 10.979,
                "poster_path": "/omKzydOrom9kpdfQUE0G9Y9sPl0.jpg",
                "release_date": "2018-09-14",
                "title": "Where Hands Touch",
                "video": false,
                "vote_average": 7.9,
                "vote_count": 515
            },
            {
                "adult": false,
                "backdrop_path": null,
                "genre_ids": [
                    18,
                    36
                ],
                "id": 259449,
                "original_language": "de",
                "original_title": "Die Elixiere des Teufels",
                "overview": "Young seminary student Franziskus (Benjamin Besson) has been ceremonially ordained. He wants to escape the harshness and injustice of the world and devote himself to the service of God in the quiet seclusion of a monastery. He is also hoping to forget the beautiful lady Aurelie (Jaroslava Schallerová), whose life he saved in a flooded brook and with whom he spent an amorous night. He knows that her father would never allow her to marry him. But the devil dressed in a monk's habit and under the name Viktorin (Andrzej Kopiczynski) intervenes in Franziskus's destiny and attempts to lead him astray. To do so he first uses the diabolical elixirs kept at the monastery as a rare relic. When the young monk gets expelled from the monastery, Viktorin prepares another trap with the help of Aurelie's stepmother Euphemie (Milena Dvorská).",
                "popularity": 1.022,
                "poster_path": "/5AKp49dZDsgA9Gqy5aPMGdpMs52.jpg",
                "release_date": "1973-03-09",
                "title": "The Devil's Elixirs",
                "video": false,
                "vote_average": 5,
                "vote_count": 1
            },
            {
                "adult": false,
                "backdrop_path": null,
                "genre_ids": [
                    18,
                    36
                ],
                "id": 583180,
                "original_language": "cs",
                "original_title": "Veronika",
                "overview": "Emperor Francis Joseph I is about to arrive in Prague, and among those who came to Stromovka to welcome him is Veronika Pavlitová. She wants to submit a request for clemency for her imprisoned father to the emperor, because she is barely able to support herself and her siblings on the meager salary of a seamstress. By chance, the girl meets Božena Němcová, whom she admires immensely. She becomes her friend and confidant for a while. However, police director Paümann, who has been following Božena Němcová for a long time, takes advantage of the naivety of the young girl. Veronika, in her simple-mindedness, tells him many things. Only later will she understand how she was abused.",
                "popularity": 0.671,
                "poster_path": "/2I5kSmb097ncsMU5JcGb6tjqx3Y.jpg",
                "release_date": "1986-05-01",
                "title": "Veronika",
                "video": false,
                "vote_average": 4,
                "vote_count": 2
            },
            {
                "adult": false,
                "backdrop_path": "/nGD2Gnkx6b8ujs80FSm2zCHFrR8.jpg",
                "genre_ids": [
                    18
                ],
                "id": 245786,
                "original_language": "en",
                "original_title": "Inadmissible Evidence",
                "overview": "A lawyer's agonizing journey to the breaking point of his private and professional lives as he becomes more and more alienated from everyone connected with him.",
                "popularity": 1.176,
                "poster_path": "/BM40pAKxcpSU1IbCuUj7JpxP5l.jpg",
                "release_date": "1968-06-23",
                "title": "Inadmissible Evidence",
                "video": false,
                "vote_average": 6,
                "vote_count": 3
            },
            {
                "adult": false,
                "backdrop_path": "/3i6H4cVfvWh55sN1iXyeb8Q50nY.jpg",
                "genre_ids": [
                    80,
                    18
                ],
                "id": 877,
                "original_language": "en",
                "original_title": "Scarface",
                "overview": "In 1920s Chicago, Italian immigrant and notorious thug, Antonio 'Tony' Camonte, aka Scarface, shoots his way to the top of the mobs while trying to protect his sister from the criminal life.",
                "popularity": 20.057,
                "poster_path": "/y4E5oRiHMTFkEB12IIcpbKbKzDW.jpg",
                "release_date": "1932-04-09",
                "title": "Scarface",
                "video": false,
                "vote_average": 7.4,
                "vote_count": 607
            },
            {
                "adult": false,
                "backdrop_path": "/sOkUBkwq21ZEThCX7wboY2Xl3m5.jpg",
                "genre_ids": [
                    18,
                    35
                ],
                "id": 880,
                "original_language": "nl",
                "original_title": "Antonia",
                "overview": "After World War II, Antonia and her daughter, Danielle, go back to their Dutch hometown, where Antonia's late mother has bestowed a small farm upon her. There, Antonia settles down and joins a tightly-knit but unusual community. Those around her include quirky friend Crooked Finger, would-be suitor Bas and, eventually for Antonia, a granddaughter and great-granddaughter who help create a strong family of empowered women.",
                "popularity": 7.7,
                "poster_path": "/nUCVi6bBIL7LGC61nYaCqikAhIA.jpg",
                "release_date": "1995-09-21",
                "title": "Antonia's Line",
                "video": false,
                "vote_average": 7,
                "vote_count": 124
            },
            {
                "adult": false,
                "backdrop_path": "/vQNknPEVSAui6IL6eUlDBPfUzcW.jpg",
                "genre_ids": [
                    53,
                    18
                ],
                "id": 884,
                "original_language": "en",
                "original_title": "Crash",
                "overview": "After getting into a serious car accident, a TV director discovers an underground sub-culture of scarred, omnisexual car-crash victims, and he begins to use car accidents and the raw sexual energy they produce to try to rejuvenate his sex life with his wife.",
                "popularity": 23.037,
                "poster_path": "/gpai5oUFyFGLHOCsYTvVMqlbY7A.jpg",
                "release_date": "1996-07-17",
                "title": "Crash",
                "video": false,
                "vote_average": 6.4,
                "vote_count": 1143
            },
            {
                "adult": false,
                "backdrop_path": "/nCl5KzxUs4rVVlAdixDf4r5AbbZ.jpg",
                "genre_ids": [
                    18,
                    10749,
                    10752
                ],
                "id": 887,
                "original_language": "en",
                "original_title": "The Best Years of Our Lives",
                "overview": "It's the hope that sustains the spirit of every GI: the dream of the day when he will finally return home. For three WWII veterans, the day has arrived. But for each man, the dream is about to become a nightmare.",
                "popularity": 15.571,
                "poster_path": "/gd5EoAU4MM57sW3vlWxJ0NMM8cV.jpg",
                "release_date": "1946-12-25",
                "title": "The Best Years of Our Lives",
                "video": false,
                "vote_average": 7.8,
                "vote_count": 659
            },
            {
                "adult": false,
                "backdrop_path": "/qDEZmaaAGhEso6kvB5kk1CROPwG.jpg",
                "genre_ids": [
                    18
                ],
                "id": 897,
                "original_language": "bn",
                "original_title": "অপরাজিত",
                "overview": "Aparajito picks up where the first film leaves off, with Apu and his family having moved away from the country to live in the bustling holy city of Varanasi (then known as Benares). As Apu progresses from wide-eyed child to intellectually curious teenager, eventually studying in Kolkata, we witness his academic and moral education, as well as the growing complexity of his relationship with his mother. This tenderly expressive, often heart-wrenching film, which won three top prizes at the Venice Film Festival, including the Golden Lion, not only extends but also spiritually deepens the tale of Apu.  Preserved by the Academy Film Archive in 1996.",
                "popularity": 8.957,
                "poster_path": "/qvR2Qs42WHwCEcuwhQnterU3gVY.jpg",
                "release_date": "1956-10-11",
                "title": "Aparajito",
                "video": false,
                "vote_average": 7.909,
                "vote_count": 257
            },
            {
                "adult": false,
                "backdrop_path": "/9TDi0FPOSAePfVLZXAUgFZhiMLf.jpg",
                "genre_ids": [
                    28,
                    18,
                    80
                ],
                "id": 903,
                "original_language": "en",
                "original_title": "Cool Hand Luke",
                "overview": "When petty criminal Luke Jackson is sentenced to two years in a Florida prison farm, he doesn't play by the rules of either the sadistic warden or the yard's resident heavy, Dragline, who ends up admiring the new guy's unbreakable will. Luke's bravado, even in the face of repeated stints in the prison's dreaded solitary confinement cell, \"the box,\" make him a rebel hero to his fellow convicts and a thorn in the side of the prison officers.",
                "popularity": 18.157,
                "poster_path": "/4ykzTiHKLamh3eZJ8orVICtU2Jp.jpg",
                "release_date": "1967-11-01",
                "title": "Cool Hand Luke",
                "video": false,
                "vote_average": 7.7,
                "vote_count": 1446
            },
            {
                "adult": false,
                "backdrop_path": "/y3WwIEEDcbT88MxjCjM8mlBEF04.jpg",
                "genre_ids": [
                    18,
                    80,
                    10749
                ],
                "id": 905,
                "original_language": "de",
                "original_title": "Die Büchse der Pandora",
                "overview": "Lulu is a young woman so beautiful and alluring that few can resist her siren charms. The men drawn into her web include respectable newspaper publisher Dr. Ludwig Schön, his musical producer son Alwa, circus performer Rodrigo Quast, and seedy old Schigolch. When Lulu's charms inevitably lead to tragedy, the downward spiral encompasses them all.",
                "popularity": 10.955,
                "poster_path": "/3B2A5g8t3HZltKp1fplNn2xW4us.jpg",
                "release_date": "1929-01-30",
                "title": "Pandora's Box",
                "video": false,
                "vote_average": 7.5,
                "vote_count": 229
            },
            {
                "adult": false,
                "backdrop_path": "/rgy1Nf2kf7UodG4BI6awfQqttac.jpg",
                "genre_ids": [
                    18,
                    10749,
                    10752
                ],
                "id": 907,
                "original_language": "en",
                "original_title": "Doctor Zhivago",
                "overview": "The life of a Russian physician and poet who, although married to another, falls in love with a political activist's wife and experiences hardship during World War I and then the October Revolution.",
                "popularity": 18.948,
                "poster_path": "/r0Iv2BiCFYDnzc6uU1q3AJ56igT.jpg",
                "release_date": "1965-12-22",
                "title": "Doctor Zhivago",
                "video": false,
                "vote_average": 7.5,
                "vote_count": 1158
            },
            {
                "adult": false,
                "backdrop_path": "/1fMD4KvZ4cR04aQo6hH6R5NdIH8.jpg",
                "genre_ids": [
                    9648,
                    80,
                    53
                ],
                "id": 910,
                "original_language": "en",
                "original_title": "The Big Sleep",
                "overview": "Private Investigator Philip Marlowe is hired by wealthy General Sternwood regarding a matter involving his youngest daughter Carmen. Before the complex case is over, Marlowe sees murder, blackmail, deception, and what might be love.",
                "popularity": 14.343,
                "poster_path": "/lraHo9D8c0YWfxsKqT5P5sVqMKN.jpg",
                "release_date": "1946-08-23",
                "title": "The Big Sleep",
                "video": false,
                "vote_average": 7.6,
                "vote_count": 1058
            },
            {
                "adult": false,
                "backdrop_path": "/mBwWtD37k8mGfVjPfG3XeRRvsd0.jpg",
                "genre_ids": [
                    28,
                    80,
                    53,
                    10749,
                    18
                ],
                "id": 916,
                "original_language": "en",
                "original_title": "Bullitt",
                "overview": "Senator Walter Chalmers is aiming to take down mob boss Pete Ross with the help of testimony from the criminal's hothead brother Johnny, who is in protective custody in San Francisco under the watch of police lieutenant Frank Bullitt. When a pair of mob hitmen enter the scene, Bullitt follows their trail through a maze of complications and double-crosses. This thriller includes one of the most famous car chases ever filmed.",
                "popularity": 19.289,
                "poster_path": "/2ffzF1WmeXtH420fSUoCrecFvDA.jpg",
                "release_date": "1968-10-17",
                "title": "Bullitt",
                "video": false,
                "vote_average": 7.1,
                "vote_count": 1164
            },
            {
                "adult": false,
                "backdrop_path": "/gsP414XS7iJ5Xe8bX4e1l7HH07M.jpg",
                "genre_ids": [
                    53,
                    18,
                    27
                ],
                "id": 931,
                "original_language": "en",
                "original_title": "Don't Look Now",
                "overview": "While grieving a terrible loss, a married couple meet two mysterious sisters, one of whom gives them a message sent from the afterlife.",
                "popularity": 11.567,
                "poster_path": "/mq3TW9GiF9MNlIEjnlL7D9X9tbx.jpg",
                "release_date": "1973-01-18",
                "title": "Don't Look Now",
                "video": false,
                "vote_average": 6.9,
                "vote_count": 1070
            },
            {
                "adult": false,
                "backdrop_path": "/rDY83RwnMILzH9b21mDuZChJBz4.jpg",
                "genre_ids": [
                    18,
                    10749,
                    53,
                    10752
                ],
                "id": 932,
                "original_language": "de",
                "original_title": "Die Mörder sind unter uns",
                "overview": "After returning from a concentration camp, Susanne finds an ex-soldier living in her apartment. Together the two try to move past their experiences during WWII.",
                "popularity": 5.22,
                "poster_path": "/r6Z9GcVtbmU7CRmigKTiI6wg4Jg.jpg",
                "release_date": "1946-10-15",
                "title": "The Murderers Are Among Us",
                "video": false,
                "vote_average": 7,
                "vote_count": 54
            },
            {
                "adult": false,
                "backdrop_path": "/ryuNZtfeugm9olrytaydFPsDSoB.jpg",
                "genre_ids": [
                    28,
                    12,
                    35,
                    80,
                    53
                ],
                "id": 942,
                "original_language": "en",
                "original_title": "Lethal Weapon 2",
                "overview": "Riggs and Murtaugh are on the trail of South African diplomats using their immunity to engage in criminal activities.",
                "popularity": 23.936,
                "poster_path": "/z35OkbOTfnalyx8LK5EPUrnKQhR.jpg",
                "release_date": "1989-07-07",
                "title": "Lethal Weapon 2",
                "video": false,
                "vote_average": 7.013,
                "vote_count": 3421
            }
        ],
        "total_pages": 13553,
        "total_results": 271049
    },
    "reviews": {
        "page": 1,
        "results": [
            {
                "author": "futuretv",
                "author_details": {
                    "name": "",
                    "username": "futuretv",
                    "avatar_path": null,
                    "rating": 10
                },
                "content": "The Godfather Review by Al Carlson\r\n\r\nThe Godfather is a film considered by most to be one of the greatest ever made. From The American Film Institute to as voted by users on the Internet Movie Database (IMDB) it is consider to be one of the best. As a film that ranks as high as other masterpieces including Citizen Kane, Pulp Fiction and 12 Angry Men, The Godfather is an exceptional piece of cinema excellence that is flawless and is simply the pinnacle crime drama.\r\nThe Godfather revolves around the Corleone’s, an Italian family with deep roots in the New York City mafia. The head of the Corleone’s is Don Vito Corleone, a man who takes care of his family and demands respect in return. His son Michael however, who just returned home from World War II, doesn’t want to become involved with the family business. The Sollozzo’s, a family of drug dealers, confront Don and request protection in exchange for profits from the Sollozzo’s drug sales. But Don declines the offer, for he is against selling narcotics. The rejected offer starts what turns into an all out mafia war between the two families with Michael diving deep into the mafia lifestyle.\r\nThe characters are portrayed by a legendary all-star cast including Marlon Brando as Don, Al Pacino as his son Michael and James Caan as Don’s oldest son Sonny. The casting for this film has been considered by many to be the best casted film in history for their astonishing performances. All three main actors were nominated for an academy award, but only Marlon Brando won an Oscar for best actor in a leading role. It’s fascinating to watch how these characters change over the course of the movie, with one in particular changing drastically.\r\nDirecter Francis Ford Coppola, being raised in an Italian-American family in New York, understood Italian culture exceptionally and made the film very authentically. Everything from the wedding dances to the cuisine to the terms used by the characters in Sicilian come from Coppola’s first-hand knowledge of Italian-American culture. Italian composer Nino Rota did an outstanding job making the soundtrack for the film, despite not getting the Oscar for best music (but he did win an Oscar for his work in the sequel, The Godfather: Part II). Virtually everyone recognizes that iconic trumpet solo once it starts playing. He also wrote the score for another great Italian film 8 1/2. \r\nThis film should be immediately followed up by it’s sequel, The Godfather: Part II, which also won best picture. The series still holds the title of most best picture awards for a film series to this day. They’re both flawless crime dramas and have earned their titles as some of the best pieces of cinema ever. I will guarantee you won’t be able to see this film only once, as it gets better after continual viewings. There is really nothing more to add other than if you haven’t seen this movie yet, it’s about time you did. The Godfather is a movie you can’t refuse.",
                "created_at": "2014-04-10T20:09:40.500Z",
                "id": "5346fa840e0a265ffa001e20",
                "updated_at": "2021-06-23T15:57:25.895Z",
                "url": "https://www.themoviedb.org/review/5346fa840e0a265ffa001e20"
            },
            {
                "author": "crastana",
                "author_details": {
                    "name": "",
                    "username": "crastana",
                    "avatar_path": null,
                    "rating": 10
                },
                "content": "The best movie ever...\r\nA masterpiece by the young and talented Francis Ford Coppola, about a Mob family and their drama, the story telling is perfect, the acting good, sometimes a little over the top in the case of Thalia Shire (the sister of the director)\r\n\r\nThe 70's were the best years for Hollywood.",
                "created_at": "2022-07-18T23:18:07.748Z",
                "id": "62d5ea2fe93e95095cbddefe",
                "updated_at": "2022-07-26T14:21:07.910Z",
                "url": "https://www.themoviedb.org/review/62d5ea2fe93e95095cbddefe"
            },
            {
                "author": "drystyx",
                "author_details": {
                    "name": "",
                    "username": "drystyx",
                    "avatar_path": "/hLLsAvAnVT0cFU7JuuaaItTWXv8.jpg",
                    "rating": 1
                },
                "content": "While I'm writing this, The Godfather is still beloved by people who love it simply because they are told they have to love it. \r\nIt's written by a mobster with the sole intention of depicting the lead mobsters as demi gods. Every line and every scene in the movie and the book is meant to intimidate people into thinking the \"Mafia\" and really any mob, is a supernatural force.\r\nThis is a movie glorifying control freaks, and most critics are control freaks, and most critics are either in the mob or think they can join the mob.\r\nThe movie itself is dull and totally uninspiring, not to mention totally uninspired. For fifty years, the sheep have been cowing to the control freaks who tell them to love this movie that degrades them. \r\nThere just isn't anything favorable about this movie. It owes its success to people who have interests in the movie or think they can get brownie points with such people. It's totally Hollywood in its depressing nature, and even in the seventies it was a formula film.",
                "created_at": "2023-04-02T03:49:51.130Z",
                "id": "6428fb5f60975000eb3e9c39",
                "updated_at": "2023-04-03T16:45:04.834Z",
                "url": "https://www.themoviedb.org/review/6428fb5f60975000eb3e9c39"
            },
            {
                "author": "CinemaSerf",
                "author_details": {
                    "name": "CinemaSerf",
                    "username": "Geronimo1967",
                    "avatar_path": "/yz2HPme8NPLne0mM8tBnZ5ZWJzf.jpg",
                    "rating": 7
                },
                "content": "When you get a story written quite this magnificently it would take an extreme amateur to screw it up - and Francis Ford Coppola is no amateur. Marlon Brando, Al Pacino, James Caan and Robert Duvall represent the epitome of guile, sophistication, loyalty, honour and brutality in this self-adapted Mario Puzo story of the unambiguously ambitious \"Corleone\" family - they start with nothing and so the only way is up; however and whatever they need to do to get there. The characterisations are layered and colourful; Diane Keaton has no idea what she's getting herself into! John Cazale is great as the spineless brother \"Fredo\" too. Once again, Nino Rota pulls out all the stops to give this a score that helps cement this film's place as amongst the best ever made. My only criticism, and it is slight at that, is that the audio mix could have done with a bit of a boost. Much of the dialogue - especially from Brando - verges on the inaudible at times.",
                "created_at": "2023-05-28T11:02:44.814Z",
                "id": "647334d4be2d490116c935bd",
                "updated_at": "2023-05-28T11:02:44.905Z",
                "url": "https://www.themoviedb.org/review/647334d4be2d490116c935bd"
            },
            {
                "author": "Surya",
                "author_details": {
                    "name": "Surya",
                    "username": "Suresh17511",
                    "avatar_path": "/sh7cCmcnHx3kg2NlSgSK0dLDSKn.jpg",
                    "rating": 9
                },
                "content": "Great Movie **Ever**",
                "created_at": "2023-06-11T09:30:35.855Z",
                "id": "6485943be375c000c5282981",
                "updated_at": "2023-06-13T15:48:33.210Z",
                "url": "https://www.themoviedb.org/review/6485943be375c000c5282981"
            },
            {
                "author": "RalphRahal",
                "author_details": {
                    "name": "",
                    "username": "RalphRahal",
                    "avatar_path": null,
                    "rating": 10
                },
                "content": "The Godfather (1972), directed by the legendary Francis Ford Coppola, is nothing short of a cinematic masterpiece that redefined storytelling in film. Based on Mario Puzo’s bestselling novel, the movie seamlessly blends crime drama with an epic exploration of power, loyalty, and family. Every frame is a testament to Coppola’s brilliance, as he transforms a gripping tale into a timeless work of art.\r\n\r\nAt the center of this monumental film is Marlon Brando’s unforgettable performance as Vito Corleone. Brando masterfully embodies the aging patriarch with an aura of quiet menace and profound wisdom, earning him a well-deserved Academy Award for Best Actor. Al Pacino delivers a career-defining performance as Michael Corleone, evolving from a reluctant outsider to a ruthless leader in a chilling, yet utterly believable transformation. James Caan as the fiery Sonny Corleone and Robert Duvall as the cool-headed consigliere Tom Hagen also shine, each adding complexity and depth to their roles.\r\n\r\nCoppola’s direction is nothing short of visionary. His ability to craft an intricate narrative while maintaining a deliberate pace allows the characters and themes to breathe. The cinematography by Gordon Willis, often referred to as the “Prince of Darkness,” enhances the film’s iconic look, using shadows and warm tones to convey a sense of both intimacy and foreboding. Nino Rota’s haunting score, particularly the famous Godfather Waltz, further elevates the film into legend.\r\n\r\nA fun fact: The studio initially resisted casting Marlon Brando, who was considered difficult to work with at the time. Coppola had to fight for him and famously convinced the studio by showing a test reel of Brando stuffing his cheeks with cotton balls to transform into the iconic Don Vito Corleone. The rest, as they say, is history.\r\n\r\nThe Godfather isn’t just a movie—it’s an experience. It’s a study of power and morality, a family saga, and a crime thriller all rolled into one. Its influence on filmmaking is immeasurable, and its performances, direction, and storytelling remain unparalleled. This is a film that stands the test of time, and for good reason: it’s a masterpiece in every sense of the word.",
                "created_at": "2024-12-17T16:31:01.653Z",
                "id": "6761a745b80a974245cbee9e",
                "updated_at": "2024-12-17T16:31:01.677Z",
                "url": "https://www.themoviedb.org/review/6761a745b80a974245cbee9e"
            }
        ],
        "total_pages": 1,
        "total_results": 6
    },
    "videos": {
        "results": [
            {
                "iso_639_1": "en",
                "iso_3166_1": "US",
                "name": "Robert De Niro Auditioning for Sonny Corleone in The Godfather",
                "key": "tlFyyzXVEMk",
                "site": "YouTube",
                "size": 360,
                "type": "Behind the Scenes",
                "official": true,
                "published_at": "2024-06-26T00:15:04.000Z",
                "id": "667c967ef8934b455d34b06d"
            },
            {
                "iso_639_1": "en",
                "iso_3166_1": "US",
                "name": "Al Pacino’s Audition Tape for The Godfather",
                "key": "E7CMIhJiTXY",
                "site": "YouTube",
                "size": 720,
                "type": "Featurette",
                "official": true,
                "published_at": "2024-06-05T02:48:59.000Z",
                "id": "665fe51ea14cf45250589fe0"
            },
            {
                "iso_639_1": "en",
                "iso_3166_1": "US",
                "name": "Tom Hanks on Brando's Iconic \"Godfather\" Look",
                "key": "GiZVLFvQruQ",
                "site": "YouTube",
                "size": 1080,
                "type": "Featurette",
                "official": true,
                "published_at": "2024-01-01T15:05:00.000Z",
                "id": "65c4b99b194186017b7600d1"
            },
            {
                "iso_639_1": "en",
                "iso_3166_1": "US",
                "name": "Don Corleone Gets Shot",
                "key": "evl5ai7Mg7w",
                "site": "YouTube",
                "size": 1080,
                "type": "Clip",
                "official": true,
                "published_at": "2023-12-02T16:59:55.000Z",
                "id": "656b9c210859b400ff7519bc"
            },
            {
                "iso_639_1": "en",
                "iso_3166_1": "US",
                "name": "The Art of Moviemaking: The Godfather | Academy Conversations",
                "key": "1cdrtPIzjII",
                "site": "YouTube",
                "size": 1080,
                "type": "Featurette",
                "official": true,
                "published_at": "2023-03-21T01:06:03.000Z",
                "id": "65a2c798e9c0dc0126a4367b"
            },
            {
                "iso_639_1": "en",
                "iso_3166_1": "US",
                "name": "\"Don Vito and Michael Corleone\" Clip",
                "key": "7IXVycNgGN0",
                "site": "YouTube",
                "size": 1080,
                "type": "Clip",
                "official": true,
                "published_at": "2022-03-27T15:59:56.000Z",
                "id": "65a2c62c85867801255ba3fe"
            },
            {
                "iso_639_1": "en",
                "iso_3166_1": "US",
                "name": "Opening Scene",
                "key": "eZHsmb4ezEk",
                "site": "YouTube",
                "size": 1080,
                "type": "Clip",
                "official": true,
                "published_at": "2022-03-22T15:59:49.000Z",
                "id": "627e772c006eee3428a4ae9f"
            },
            {
                "iso_639_1": "en",
                "iso_3166_1": "US",
                "name": "Mario Puzo on the baptism scene in THE GODFATHER",
                "key": "CG5kZcWj1mE",
                "site": "YouTube",
                "size": 1080,
                "type": "Featurette",
                "official": true,
                "published_at": "2022-03-18T14:20:03.000Z",
                "id": "65a2c6db39549a012610719f"
            },
            {
                "iso_639_1": "en",
                "iso_3166_1": "US",
                "name": "50th Anniversary Trailer",
                "key": "Ew9ngL1GZvs",
                "site": "YouTube",
                "size": 2160,
                "type": "Trailer",
                "official": true,
                "published_at": "2022-01-13T13:59:54.000Z",
                "id": "61e4e0704f58010019f1fc53"
            },
            {
                "iso_639_1": "en",
                "iso_3166_1": "US",
                "name": "Ray Romano announces THE GODFATHER for AFI Movie Club",
                "key": "JxiteCBugh8",
                "site": "YouTube",
                "size": 1080,
                "type": "Featurette",
                "official": true,
                "published_at": "2020-08-21T16:11:40.000Z",
                "id": "65a2c6b11f0275012e0860c6"
            },
            {
                "iso_639_1": "en",
                "iso_3166_1": "US",
                "name": "45th Anniversary Spot",
                "key": "gMjmsqvIPGc",
                "site": "YouTube",
                "size": 720,
                "type": "Teaser",
                "official": true,
                "published_at": "2017-05-12T18:30:38.000Z",
                "id": "65a2c7e939549a012310722d"
            },
            {
                "iso_639_1": "en",
                "iso_3166_1": "US",
                "name": "\"Sleep With The Fishes\" Clip",
                "key": "HsRvgCsLXWw",
                "site": "YouTube",
                "size": 1080,
                "type": "Clip",
                "official": true,
                "published_at": "2017-05-10T17:55:13.000Z",
                "id": "65a2c838a6a4c1012ba476ad"
            },
            {
                "iso_639_1": "en",
                "iso_3166_1": "US",
                "name": "Offer He Can't Refuse",
                "key": "fBNpSRtfIUA",
                "published_at": "2016-03-06T22:19:42.000Z",
                "site": "YouTube",
                "size": 1080,
                "type": "Clip",
                "official": true,
                "id": "592199669251414ab10568ec"
            },
            {
                "iso_639_1": "en",
                "iso_3166_1": "US",
                "name": "The Godfather and The Candidate Win Writing Awards: 1973 Oscars",
                "key": "M3GhqH7QmcA",
                "site": "YouTube",
                "size": 480,
                "type": "Featurette",
                "official": true,
                "published_at": "2013-09-12T17:14:52.000Z",
                "id": "65c4bbae0c2710017e77f157"
            },
            {
                "iso_639_1": "en",
                "iso_3166_1": "US",
                "name": "Sydney Pollack on THE GODFATHER",
                "key": "-lBTgBqGA-g",
                "site": "YouTube",
                "size": 1080,
                "type": "Featurette",
                "official": true,
                "published_at": "2013-03-23T00:31:08.000Z",
                "id": "65a2c6aad35dea013142c186"
            },
            {
                "iso_639_1": "en",
                "iso_3166_1": "US",
                "name": "The Godfather Wins Best Picture: 45th Oscars (1973)",
                "key": "Y1qWRdil--A",
                "site": "YouTube",
                "size": 480,
                "type": "Featurette",
                "official": true,
                "published_at": "2012-08-31T17:33:28.000Z",
                "id": "65c4bb430c2710017e77f0b0"
            },
            {
                "iso_639_1": "en",
                "iso_3166_1": "US",
                "name": "Original Trailer",
                "key": "8V2k2YQEQJ4",
                "site": "YouTube",
                "size": 1080,
                "type": "Trailer",
                "official": true,
                "published_at": "2012-03-27T08:39:55.000Z",
                "id": "65a2c57885867801255ba3f0"
            },
            {
                "iso_639_1": "en",
                "iso_3166_1": "US",
                "name": "William Friedkin on THE GODFATHER",
                "key": "F1L3Tz0Im_8",
                "site": "YouTube",
                "size": 1080,
                "type": "Featurette",
                "official": true,
                "published_at": "2010-09-23T16:44:52.000Z",
                "id": "65a2c69fb7b69d01313c0642"
            },
            {
                "iso_639_1": "en",
                "iso_3166_1": "US",
                "name": "Sidney Lumet On THE GODFATHER",
                "key": "0Hl_mdNgjpY",
                "site": "YouTube",
                "size": 1080,
                "type": "Featurette",
                "official": true,
                "published_at": "2009-09-30T18:55:30.000Z",
                "id": "65a2c696bc2cb300b901e2b2"
            },
            {
                "iso_639_1": "en",
                "iso_3166_1": "US",
                "name": "Francis Ford Coppola On Casting Al Pacino in THE GODFATHER",
                "key": "67Fg3xmvJyA",
                "site": "YouTube",
                "size": 1080,
                "type": "Featurette",
                "official": true,
                "published_at": "2009-03-24T00:19:03.000Z",
                "id": "65a2c6ba39549a012c1071ae"
            },
            {
                "iso_639_1": "en",
                "iso_3166_1": "US",
                "name": "Marlon Brando's Best Actor Oscar win for \"The Godfather\" | Sacheen Littlefeather",
                "key": "2QUacU0I4yU",
                "site": "YouTube",
                "size": 480,
                "type": "Featurette",
                "official": true,
                "published_at": "2008-10-03T00:49:40.000Z",
                "id": "65c4bb79fd6fa101877961a0"
            }
        ]
    }
}